library,titer,infectivity,replicate
wt DJ,69535032000,51.3,rep1
H255C,86075656000,47.6,rep1
F671C,46373596000,9.4,rep1
H255C-F671C,46770884000,24.9,rep1
H292C,26064046000,7.0,rep1
I684C,57345808000,50.9,rep1
H292C-I684C,13094248000,0.2,rep1
H360C,71867448000,43.1,rep1
N437C,70054248000,34.8,rep1
H360C-N437C,34815960000,5.5,rep1
H423C,30119054000,12.2,rep1
V613C,95296968000,56.5,rep1
H423C-V613C,40099108000,3.6,rep1
H428C,49794672000,13.5,rep1
L737C,56761260000,43.8,rep1
H428C-L737C,20833186000,0.2,rep1
H625C,98263680000,48.7,rep1
Y426C,1.21844E+11,41.0,rep1
H625C-Y426C,90141664000,46.9,rep1
H629C,67827992000,46.5,rep1
I623C,1.21991E+11,33.3,rep1
H629C-I623C,79249192000,40.1,rep1
H631C,91231864000,25.7,rep1
W608C,10131105000,0.2,rep1
H631C-W608C,14249567000,0.1,rep1
H643C,58872192000,43.4,rep1
Y350C,84771128000,41.7,rep1
H643C-Y350C,78258056000,39.2,rep1
wt DJ,3.03E+10,83.9,rep2
H255C,5.05E+10,63.1,rep2
F671C,1.46E+10,15.6,rep2
H255C-F671C,1.57E+10,45.0,rep2
H292C,2.27E+10,9.3,rep2
I684C,4.60E+10,57.7,rep2
H292C-I684C,5.25E+10,0.0,rep2
H360C,3.90E+10,60.4,rep2
N437C,2.72E+10,64.2,rep2
H360C-N437C,6.25E+10,8.2,rep2
H423C,1.33E+10,28.0,rep2
V613C,4.55E+10,78.0,rep2
H423C-V613C,2.55E+10,8.1,rep2
H428C,3.43E+10,20.5,rep2
L737C,2.97E+10,46.9,rep2
H428C-L737C,3.06E+10,0.0,rep2
H625C,3.67E+10,52.9,rep2
Y426C,6.25E+10,64.0,rep2
H625C-Y426C,4.27E+10,59.6,rep2
H629C,4.66E+10,68.3,rep2
I623C,3.98E+10,60.3,rep2
H629C-I623C,2.96E+10,70.6,rep2
H631C,3.38E+10,60.7,rep2
W608C,2.03E+10,0.1,rep2
H631C-W608C,4.39E+10,0.0,rep2
H643C,5.28E+10,71.7,rep2
Y350C,3.08E+10,64.5,rep2
H643C-Y350C,2.72E+10,66.8,rep2
wt DJ,3.67E+10,71.7,rep3
H255C,4.81E+10,64.4,rep3
F671C,2.13E+10,8.2,rep3
H255C-F671C,1.74E+10,34.8,rep3
H292C,9.57E+09,23.7,rep3
I684C,3.86E+10,56.9,rep3
H292C-I684C,4.50E+09,0.1,rep3
H360C,2.85E+10,63.0,rep3
N437C,2.92E+10,59.5,rep3
H360C-N437C,9.13E+09,20.3,rep3
H423C,3.61E+09,53.3,rep3
V613C,1.84E+10,86.7,rep3
H423C-V613C,5.91E+09,26.4,rep3
H428C,1.10E+10,59.7,rep3
L737C,2.93E+10,64.5,rep3
H428C-L737C,7.17E+09,0.1,rep3
H625C,5.78E+10,63.8,rep3
Y426C,4.08E+10,66.7,rep3
H625C-Y426C,5.08E+10,62.2,rep3
H629C,3.77E+10,66.3,rep3
I623C,2.22E+10,67.2,rep3
H629C-I623C,2.20E+10,62.5,rep3
H631C,1.74E+10,72.1,rep3
W608C,2.51E+10,0.1,rep3
H631C-W608C,4.47E+10,0.0,rep3
H643C,8.20E+10,59.0,rep3
Y350C,7.62E+10,46.1,rep3
H643C-Y350C,3.32E+10,55.9,rep3