gene,replicate,titer
wtDJ,rep1,24180630000
L256,rep1,33803408000
S268,rep1,36096180000
K311,rep1,39824052000
T331,rep1,49314516000
E349,rep1,32399370000
T414,rep1,38294224000
S244,rep1,38528412000
N664,rep1,41526420000
Y702,rep1,42611348000
K708,rep1,44444096000
wtDJ,rep2,28628990000
L256,rep2,21384630000
S268,rep2,28866192000
K311,rep2,29857526000
T331,rep2,34201376000
E349,rep2,23452206000
T414,rep2,35437852000
S244,rep2,32678610000
N664,rep2,32761936000
Y702,rep2,20159298000
K708,rep2,29103446000
wtDJ,rep3,81332184000
L256,rep3,80035000000
S268,rep3,77283920000
K311,rep3,60724044000
T331,rep3,94162816000
E349,rep3,94025064000
T414,rep3,1.41392E+11
S244,rep3,70931688000
N664,rep3,1.30135E+11
Y702,rep3,97795544000
K708,rep3,1.12291E+11
wtDJ,rep4,25252136000
L256,rep4,28728930000
S268,rep4,24125672000
K311,rep4,27753024000
T331,rep4,26387142000
E349,rep4,29629354000
T414,rep4,35719972000
S244,rep4,34673568000
N664,rep4,26421986000
Y702,rep4,28624514000
K708,rep4,35624596000