gene,pur_titer,replicate,assay_titer
wtDJ,2.42E+10,rep1,0
L256,3.38E+10,rep1,-0.02138058
S268,3.61E+10,rep1,-0.2429462
K311,3.98E+10,rep1,0.006977751
T331,4.93E+10,rep1,0.08646246
E349,3.24E+10,rep1,0.06892351
T414,3.83E+10,rep1,0.002152697
S244,3.85E+10,rep1,-0.02138058
N664,4.15E+10,rep1,0.5163062
Y702,4.26E+10,rep1,0.3076008
K708,4.44E+10,rep1,0.3057032
wtDJ,2.86E+10,rep2,0
L256,2.14E+10,rep2,-0.02138058
S268,2.89E+10,rep2,-0.2429462
K311,2.99E+10,rep2,0.006977751
T331,3.42E+10,rep2,0.08646246
E349,2.35E+10,rep2,0.06892351
T414,3.54E+10,rep2,0.002152697
S244,3.27E+10,rep2,-0.02138058
N664,3.28E+10,rep2,0.5163062
Y702,2.02E+10,rep2,0.3076008
K708,2.91E+10,rep2,0.3057032
wtDJ,8.13E+10,rep3,0
L256,8.00E+10,rep3,-0.02138058
S268,7.73E+10,rep3,-0.2429462
K311,6.07E+10,rep3,0.006977751
T331,9.42E+10,rep3,0.08646246
E349,9.40E+10,rep3,0.06892351
T414,1.41E+11,rep3,0.002152697
S244,7.09E+10,rep3,-0.02138058
N664,1.30E+11,rep3,0.5163062
Y702,9.78E+10,rep3,0.3076008
K708,1.12E+11,rep3,0.3057032
wtDJ,2.53E+10,rep4,0
L256,2.87E+10,rep4,-0.02138058
S268,2.41E+10,rep4,-0.2429462
K311,2.78E+10,rep4,0.006977751
T331,2.64E+10,rep4,0.08646246
E349,2.96E+10,rep4,0.06892351
T414,3.57E+10,rep4,0.002152697
S244,3.47E+10,rep4,-0.02138058
N664,2.64E+10,rep4,0.5163062
Y702,2.86E+10,rep4,0.3076008
K708,3.56E+10,rep4,0.3057032